vendor_id,daily_income,daily_expense,monthly_savings,daily_upi_count,repaid_loan
1,1860,1066,23820,86,1
2,4772,3525,37410,97,1
3,6334,3314,90600,102,1
4,4444,3290,34620,38,1
5,1130,574,16680,16,1
6,3391,2824,17010,52,1
7,3433,1966,44010,35,1
8,2184,1357,24810,36,1
9,7396,4975,72630,63,1
10,1474,1097,11310,56,1
11,3047,1879,35040,94,1
12,2806,1914,26760,61,1
13,4005,2322,50490,69,1
14,2267,1670,17910,17,1
15,4556,3385,35130,35,1
16,3888,2045,55290,18,1
17,1600,1418,5460,23,0
18,3612,2139,44190,106,1
19,6486,5015,44130,58,1
20,3556,2963,17790,49,1
21,7349,4824,75750,64,1
22,4943,3965,29340,20,1
23,3613,2596,30510,68,1
24,2500,2219,8430,104,1
25,6675,5845,24900,76,1
26,1995,1474,15630,62,1
27,4342,2324,60540,101,1
28,2275,1178,32910,54,1
29,7863,6281,47460,67,1
30,5887,3783,63120,74,1
31,1379,841,16140,43,1
32,3062,1733,39870,103,1
33,3568,2886,20460,22,1
34,2495,1261,37020,95,1
35,1391,1101,8700,47,1
36,5474,2899,77250,117,1
37,7184,6221,28890,87,1
38,6959,4730,66870,47,1
39,5598,3495,63090,102,1
40,1804,1428,11280,118,1
41,3773,3225,16440,79,1
42,7756,6892,25920,17,1
43,4840,3817,30690,28,1
44,1870,965,27150,93,1
45,6134,3339,83850,91,1
46,1863,1405,13740,66,1
47,6116,4302,54420,108,1
48,7628,4574,91620,29,1
49,4242,2465,53310,27,1
50,6279,4643,49080,100,1
51,6915,6029,26580,59,1
52,2597,1956,19230,20,1
53,5891,4839,31560,58,1
54,2363,2025,10140,89,1
55,2663,2191,14160,106,1
56,6592,4134,73740,111,1
57,6504,3844,79800,76,1
58,7776,6432,40320,119,1
59,2282,1147,34050,86,1
60,6530,4355,65250,51,1
61,6353,4034,69570,93,1
62,4445,2611,55020,102,1
63,4304,2847,43710,76,1
64,6616,3979,79110,26,1
65,4581,3566,30450,17,1
66,2636,1618,30540,95,1
67,1698,1263,13050,16,1
68,7363,3833,105900,115,1
69,6855,5917,28140,33,1
70,6757,3770,89610,58,1
71,3777,3377,12000,46,1
72,7390,5681,51270,89,1
73,4255,2531,51720,52,1
74,3327,2289,31140,112,1
75,1197,789,12240,30,1
76,1608,900,21240,73,1
77,4397,3422,29250,17,1
78,1659,1045,18420,50,1
79,7546,5919,48810,33,1
80,4219,3198,30630,66,1
81,1488,1155,9990,53,1
82,3385,2826,16770,25,1
83,7616,4444,95160,45,1
84,5061,3939,33660,21,1
85,6883,3923,88800,74,1
86,5976,3566,72300,62,1
87,7397,6353,31320,51,1
88,6279,4729,46500,23,1
89,4170,3253,27510,94,1
90,2154,1814,10200,68,1
91,4191,3583,18240,89,1
92,2648,1495,34590,52,1
93,5199,3860,40170,113,1
94,4183,2261,57660,113,1
95,3200,1606,47820,96,1
96,4777,3710,32010,94,1
97,1956,1153,24090,47,1
98,6699,3985,81420,35,1
99,5911,4720,35730,22,1
100,6254,4930,39720,47,1
101,3735,2007,51840,100,1
102,4446,2668,53340,44,1
103,7181,6402,23370,65,1
104,3485,3005,14400,41,1
105,1225,784,13230,111,1
106,7427,5700,51810,111,1
107,5548,3284,67920,62,1
108,5754,4193,46830,78,1
109,4120,2131,59670,58,1
110,2243,1543,21000,60,1
111,4444,3792,19560,119,1
112,2060,1794,7980,60,0
113,5276,3845,42930,74,1
114,6088,3227,85830,99,1
115,3975,3340,19050,81,1
116,1127,731,11880,109,1
117,7709,6000,51270,118,1
118,3733,2011,51660,46,1
119,5014,4492,15660,80,1
120,1154,713,13230,104,1
121,1784,1497,8610,23,1
122,5341,3438,57090,107,1
123,6801,5602,35970,113,1
124,2841,2405,13080,27,1
125,7971,5615,70680,71,1
126,5131,4203,27840,79,1
127,4847,3784,31890,30,1
128,3701,3168,15990,101,1
129,2166,1408,22740,80,1
130,6919,5059,55800,100,1
131,5146,3531,48450,77,1
132,4261,2618,49290,72,1
133,7713,3950,112890,66,1
134,5777,4789,29640,68,1
135,3491,2201,38700,22,1
136,4124,2509,48450,19,1
137,6222,3323,86970,110,1
138,5142,4009,33990,54,1
139,7799,6943,25680,44,1
140,2682,2194,14640,77,1
141,6906,4665,67230,69,1
142,2369,1208,34830,76,1
143,3838,2576,37860,26,1
144,2012,1052,28800,15,1
145,3849,2293,46680,62,1
146,4672,3569,33090,15,1
147,4343,3069,38220,78,1
148,2470,1665,24150,107,1
149,3294,1709,47550,40,1
150,2679,1509,35100,100,1
151,3744,2383,40830,106,1
152,6188,3327,85830,108,1
153,6869,6125,22320,83,1
154,6323,3204,93570,104,1
155,3479,2862,18510,114,1
156,6408,4395,60390,115,1
157,3070,1594,44280,83,1
158,3849,2326,45690,24,1
159,7905,6904,30030,110,1
160,3816,2731,32550,18,1
161,4087,2158,57870,16,1
162,5592,4735,25710,46,1
163,4546,3729,24510,26,1
164,7833,5712,63630,47,1
165,5000,4122,26340,57,1
166,6732,5051,50430,79,1
167,6536,4971,46950,57,1
168,5380,2839,76230,109,1
169,4373,2218,64650,49,1
170,3774,1994,53400,22,1
171,7748,6492,37680,104,1
172,4069,3360,21270,119,1
173,4974,2722,67560,89,1
174,1412,728,20520,103,1
175,4348,3856,14760,50,1
176,4465,2988,44310,38,1
177,7335,5357,59340,113,1
178,5079,2798,68430,117,1
179,3143,1999,34320,76,1
180,5132,3055,62310,69,1
181,6644,5288,40680,113,1
182,5968,3885,62490,76,1
183,1595,1324,8130,100,1
184,5492,4713,23370,63,1
185,6731,3394,100110,119,1
186,5171,3319,55560,42,1
187,1717,1323,11820,66,1
188,5946,4145,54030,30,1
189,5980,3209,83130,26,1
190,3938,2304,49020,67,1
191,4222,3430,23760,53,1
192,3156,2753,12090,72,1
193,3982,3577,12150,19,1
194,6334,4550,53520,89,1
195,7801,6923,26340,23,1
196,1953,1459,14820,116,1
197,2542,1704,25140,54,1
198,7313,4816,74910,41,1
199,3681,2056,48750,43,1
200,4236,2513,51690,22,1
201,6615,5591,30720,100,1
202,1499,891,18240,85,1
203,5312,3913,41970,50,1
204,4141,3243,26940,33,1
205,7588,4941,79410,53,1
206,5186,3108,62340,33,1
207,5134,3459,50250,59,1
208,5748,3805,58290,72,1
209,6779,3711,92040,75,1
210,1894,1438,13680,15,1
211,7530,5522,60240,76,1
212,1504,977,15810,39,1
213,1823,1296,15810,20,1
214,3105,1567,46140,46,1
215,7316,3784,105960,35,1
216,5175,3679,44880,89,1
217,3811,2017,53820,113,1
218,6778,6016,22860,32,1
219,7190,5405,53550,28,1
220,6262,4269,59790,68,1
221,4330,3725,18150,71,1
222,6131,5416,21450,30,1
223,6063,3988,62250,38,1
224,1667,1057,18300,106,1
225,7819,5359,73800,72,1
226,1539,817,21660,55,1
227,5835,5219,18480,77,1
228,6320,3942,71340,98,1
229,3508,2714,23820,43,1
230,3956,3419,16110,20,1
231,6713,4475,67140,83,1
232,2838,2462,11280,24,1
233,3871,3292,17370,19,1
234,2015,1310,21150,79,1
235,3193,2857,10080,63,1
236,6898,5088,54300,77,1
237,6336,5626,21300,41,1
238,5784,4831,28590,112,1
239,3152,2099,31590,15,1
240,1404,733,20130,20,1
241,5571,4596,29250,109,1
242,2668,2397,8130,67,1
243,4636,4069,17010,88,1
244,5178,3101,62310,92,1
245,7600,4192,102240,65,1
246,5780,4291,44670,76,1
247,5544,4261,38490,46,1
248,3081,1981,33000,86,1
249,2574,1978,17880,48,1
250,5533,4475,31740,64,1
251,5363,4432,27930,19,1
252,4037,3434,18090,71,1
253,7544,4176,101040,61,1
254,4278,3481,23910,28,1
255,5673,4663,30300,117,1
256,5859,5227,18960,64,1
257,7241,5464,53310,93,1
258,3482,3000,14460,66,1
259,5344,3770,47220,102,1
260,2358,1553,24150,65,1
261,3128,2752,11280,18,1
262,1137,989,4440,88,0
263,3832,2311,45630,102,1
264,5164,4606,16740,67,1
265,6569,4148,72630,57,1
266,4823,3070,52590,37,1
267,7991,4481,105300,30,1
268,1899,1087,24360,70,1
269,1280,1099,5430,81,0
270,1666,1277,11670,64,1
271,5156,2974,65460,33,1
272,6124,3907,66510,56,1
273,4900,2512,71640,84,1
274,7788,5329,73770,104,1
275,4117,2658,43770,92,1
276,2753,2136,18510,87,1
277,7937,6506,42930,100,1
278,3286,2315,29130,77,1
279,5143,2697,73380,40,1
280,7947,6536,42330,113,1
281,2276,2035,7230,61,0
282,1638,1424,6420,28,0
283,5569,4477,32760,92,1
284,4287,3379,27240,40,1
285,5621,3142,74370,21,1
286,6122,5253,26070,32,1
287,7949,5668,68430,29,1
288,6311,3835,74280,115,1
289,3075,1562,45390,71,1
290,2296,1342,28620,104,1
291,1125,616,15270,31,1
292,4596,3389,36210,82,1
293,1066,809,7710,32,0
294,3158,2316,25260,100,1
295,7177,5189,59640,54,1
296,7891,4348,106290,55,1
297,3660,2361,38970,40,1
298,2761,1650,33330,73,1
299,1876,1185,20730,47,1
300,2460,1330,33900,84,1
301,2605,1558,31410,18,1
302,4421,2540,56430,76,1
303,3397,1934,43890,69,1
304,2160,1149,30330,45,1
305,2063,1606,13710,38,1
306,6342,5445,26910,98,1
307,6851,5939,27360,93,1
308,1645,1464,5430,108,0
309,3551,2802,22470,76,1
310,6560,5165,41850,89,1
311,6511,4496,60450,59,1
312,6764,3888,86280,82,1
313,2810,1629,35430,34,1
314,5208,3707,45030,15,1
315,7233,5837,41880,52,1
316,2828,1986,25260,114,1
317,7988,5695,68790,47,1
318,1901,1206,20850,24,1
319,1260,661,17970,58,1
320,3060,2367,20790,98,1
321,1320,733,17610,87,1
322,3832,2094,52140,29,1
323,7039,5226,54390,49,1
324,4677,2538,64170,83,1
325,7461,5956,45150,64,1
326,5429,4740,20670,89,1
327,6256,3640,78480,113,1
328,2570,2237,9990,78,1
329,3965,2058,57210,107,1
330,4850,3967,26490,28,1
331,6947,3928,90570,99,1
332,7148,4247,87030,92,1
333,3621,2330,38730,56,1
334,3136,2424,21360,86,1
335,2318,1820,14940,46,1
336,4762,3569,35790,111,1
337,6142,4148,59820,111,1
338,3712,2383,39870,80,1
339,2997,1578,42570,118,1
340,5018,3598,42600,84,1
341,6765,4283,74460,65,1
342,7697,4277,102600,29,1
343,6742,5043,50970,108,1
344,2254,1643,18330,43,1
345,3597,2881,21480,115,1
346,1950,1086,25920,82,1
347,3645,2863,23460,19,1
348,6754,5415,40170,52,1
349,7028,3825,96090,114,1
350,6996,3854,94260,70,1
351,7158,5861,38910,19,1
352,4228,2501,51810,90,1
353,4756,3747,30270,109,1
354,3674,2856,24540,50,1
355,1793,1077,21480,83,1
356,6779,3881,86940,88,1
357,3919,2874,31350,86,1
358,7166,4907,67770,60,1
359,1362,764,17940,27,1
360,4005,2163,55260,111,1
361,2639,2240,11970,90,1
362,5451,4728,21690,19,1
363,3935,2003,57960,106,1
364,4449,2347,63060,65,1
365,4533,3960,17190,100,1
366,7922,5389,75990,60,1
367,6732,6017,21450,50,1
368,2205,1841,10920,15,1
369,2854,1782,32160,54,1
370,7030,4636,71820,87,1
371,2332,1478,25620,66,1
372,7456,3741,111450,55,1
373,1574,1047,15810,104,1
374,3122,2713,12270,21,1
375,4281,2963,39540,105,1
376,4600,3380,36600,73,1
377,5971,5165,24180,68,1
378,5759,4210,46470,66,1
379,5805,2981,84720,47,1
380,7320,5945,41250,36,1
381,3713,1875,55140,99,1
382,4120,2353,53010,98,1
383,4432,2479,58590,100,1
384,7619,5440,65370,118,1
385,7704,4775,87870,110,1
386,4212,2775,43110,65,1
387,1951,1676,8250,46,1
388,3717,2142,47250,59,1
389,2500,1722,23340,54,1
390,3065,1892,35190,61,1
391,4057,2879,35340,106,1
392,6232,4115,63510,52,1
393,1946,1093,25590,15,1
394,4335,3661,20220,117,1
395,5895,3589,69180,97,1
396,2901,2061,25200,111,1
397,7230,6446,23520,46,1
398,6297,5332,28950,22,1
399,1832,1320,15360,81,1
400,7103,4108,89850,86,1
401,7904,6481,42690,81,1
402,4675,2782,56790,48,1
403,3143,2814,9870,46,1
404,4191,3448,22290,30,1
405,5547,4868,20370,68,1
406,7612,5043,77070,69,1
407,1943,1039,27120,88,1
408,1774,1409,10950,99,1
409,5242,2878,70920,33,1
410,6667,5048,48570,96,1
411,1513,1307,6180,83,0
412,7035,4462,77190,16,1
413,5802,4270,45960,26,1
414,2555,1915,19200,52,1
415,2279,1642,19110,112,1
416,6172,3812,70800,100,1
417,2387,1327,31800,88,1
418,3679,3289,11700,101,1
419,5223,2991,66960,95,1
420,3573,2846,21810,80,1
421,1236,817,12570,87,1
422,6877,5212,49950,18,1
423,7809,5546,67890,112,1
424,4798,3710,32640,84,1
425,3175,1737,43140,114,1
426,1040,634,12180,31,1
427,6796,5168,48840,90,1
428,2622,1422,36000,100,1
429,5052,3058,59820,45,1
430,1645,1304,10230,112,1
431,7411,5582,54870,67,1
432,1454,1060,11820,31,1
433,3969,2626,40290,76,1
434,3681,2461,36600,16,1
435,4067,3592,14250,79,1
436,3866,2072,53820,40,1
437,5124,3359,52950,54,1
438,3058,1964,32820,73,1
439,3854,2867,29610,68,1
440,5193,3420,53190,38,1
441,5853,3242,78330,70,1
442,6408,3895,75390,34,1
443,2762,2310,13560,95,1
444,5460,3067,71790,87,1
445,1153,795,10740,87,1
446,7856,5032,84720,15,1
447,2240,1751,14670,118,1
448,7185,4913,68160,49,1
449,5226,2775,73530,58,1
450,2458,1496,28860,112,1
451,7667,4940,81810,58,1
452,5090,4503,17610,31,1
453,1329,1031,8940,61,1
454,5107,3660,43410,102,1
455,1338,1060,8340,35,1
456,4152,3170,29460,94,1
457,1709,1524,5550,96,0
458,6208,4709,44970,73,1
459,4993,2599,71820,40,1
460,1046,541,15150,30,1
461,5806,5223,17490,40,1
462,4157,3600,16710,28,1
463,5430,4229,36030,23,1
464,3930,3418,15360,73,1
465,5822,4763,31770,109,1
466,6085,3176,87270,113,1
467,5497,3897,48000,117,1
468,6392,4858,46020,38,1
469,3667,2010,49710,112,1
470,1130,879,7530,54,0
471,5278,3492,53580,53,1
472,4959,3549,42300,107,1
473,1920,1526,11820,47,1
474,5111,3428,50490,80,1
475,1310,897,12390,48,1
476,3461,1730,51930,27,1
477,4212,2752,43800,110,1
478,4810,2539,68130,60,1
479,5124,4134,29700,107,1
480,5413,3745,50040,71,1
481,1271,1079,5760,24,0
482,1920,1218,21060,98,1
483,5484,4348,34080,63,1
484,3050,2095,28650,44,1
485,3033,1875,34740,76,1
486,5388,2784,78120,79,1
487,7094,4760,70020,63,1
488,1963,1152,24330,51,1
489,3108,1875,36990,84,1
490,1806,1538,8040,60,1
491,4415,3032,41490,91,1
492,7369,4176,95790,66,1
493,5867,3477,71700,34,1
494,6429,4777,49560,88,1
495,5321,3477,55320,55,1
496,3800,3355,13350,20,1
497,2796,2102,20820,101,1
498,3736,2642,32820,34,1
499,2913,2068,25350,49,1
500,3737,2602,34050,31,1
501,7359,6321,31140,113,1
502,5069,3797,38160,103,1
503,3376,2896,14400,115,1
504,4681,3196,44550,70,1
505,3682,2031,49530,23,1
506,2218,1956,7860,90,0
507,5265,4337,27840,54,1
508,2560,1844,21480,73,1
509,1983,1191,23760,52,1
510,7471,5814,49710,62,1
511,6721,4792,57870,51,1
512,4387,2385,60060,42,1
513,5036,4515,15630,54,1
514,2324,1608,21480,107,1
515,3162,2624,16140,70,1
516,4111,3170,28230,105,1
517,2996,1818,35340,20,1
518,5311,4349,28860,54,1
519,3139,2637,15060,73,1
520,7959,6234,51750,59,1
521,2716,2096,18600,77,1
522,4738,3795,28290,21,1
523,7276,6201,32250,72,1
524,3808,1948,55800,37,1
525,5521,3045,74280,67,1
526,4741,4093,19440,96,1
527,3403,2458,28350,91,1
528,3012,1817,35850,80,1
529,6343,3384,88770,41,1
530,2136,1546,17700,118,1
531,5795,2918,86310,49,1
532,2007,1089,27540,44,1
533,4526,3242,38520,110,1
534,6089,3877,66360,74,1
535,3382,2951,12930,107,1
536,1277,1117,4800,110,0
537,5579,2940,79170,105,1
538,7335,5745,47700,36,1
539,7544,5528,60480,79,1
540,1021,764,7710,96,0
541,3353,3004,10470,61,1
542,1284,871,12390,113,1
543,6043,4854,35670,21,1
544,1028,523,15150,20,1
545,7222,5976,37380,89,1
546,5665,2834,84930,112,1
547,2453,1686,23010,18,1
548,7096,3838,97740,119,1
549,1038,737,9030,43,1
550,3204,1984,36600,46,1
551,4201,3399,24060,98,1
552,4093,2261,54960,81,1
553,3896,3449,13410,70,1
554,1988,1744,7320,94,0
555,5964,4505,43770,20,1
556,2682,1635,31410,17,1
557,6626,4397,66870,52,1
558,4598,3670,27840,49,1
559,2855,2418,13110,38,1
560,2809,2375,13020,94,1
561,4610,4090,15600,60,1
562,1984,1681,9090,67,1
563,1519,1227,8760,60,1
564,4633,3726,27210,17,1
565,5444,3007,73110,67,1
566,6655,5778,26310,17,1
567,1526,1056,14100,92,1
568,7598,4179,102570,98,1
569,2763,1998,22950,62,1
570,2016,1137,26370,100,1
571,6109,3850,67770,16,1
572,6463,4351,63360,78,1
573,4788,2680,63240,35,1
574,1273,982,8730,96,1
575,2389,2125,7920,52,0
576,2567,1958,18270,103,1
577,7944,6999,28350,55,1
578,6511,5141,41100,65,1
579,6207,3465,82260,90,1
580,3936,2866,32100,93,1
581,1591,1102,14670,106,1
582,3720,2692,30840,46,1
583,5337,3365,59160,16,1
584,7368,3942,102780,91,1
585,2949,1513,43080,40,1
586,1917,1205,21360,52,1
587,1089,844,7350,29,0
588,4041,2087,58620,58,1
589,6424,5657,23010,75,1
590,7082,6079,30090,23,1
591,7917,5911,60180,109,1
592,2439,1511,27840,90,1
593,6383,5610,23190,106,1
594,4389,3569,24600,21,1
595,1458,1250,6240,18,0
596,4461,3688,23190,40,1
597,1894,1434,13800,55,1
598,5969,4031,58140,96,1
599,3134,2382,22560,39,1
600,6420,4791,48870,33,1
601,4638,3191,43410,59,1
602,2927,2484,13290,67,1
603,5790,2996,83820,58,1
604,4665,2371,68820,97,1
605,1661,1051,18300,70,1
606,3920,2733,35610,42,1
607,6833,4518,69450,75,1
608,7236,4829,72210,93,1
609,1352,1130,6660,63,0
610,6844,5412,42960,75,1
611,3071,2058,30390,18,1
612,3779,2450,39870,34,1
613,1955,1008,28410,63,1
614,5703,4192,45330,112,1
615,6631,4923,51240,93,1
616,2441,1994,13410,53,1
617,5009,4492,15510,72,1
618,2269,1460,24270,17,1
619,1529,1150,11370,29,1
620,3914,3171,22290,114,1
621,7895,5848,61410,56,1
622,1939,1258,20430,16,1
623,1374,914,13800,52,1
624,4052,2734,39540,74,1
625,5476,3713,52890,117,1
626,7104,5434,50100,117,1
627,5933,4514,42570,103,1
628,3040,2005,31050,49,1
629,2252,1134,33540,79,1
630,6543,4838,51150,50,1
631,5396,3209,65610,45,1
632,4466,3811,19650,28,1
633,3639,2576,31890,24,1
634,3891,3235,19680,15,1
635,7276,4361,87450,57,1
636,7656,4601,91650,98,1
637,2307,1187,33600,51,1
638,3734,2858,26280,51,1
639,3352,2807,16350,58,1
640,6943,5097,55380,93,1
641,2925,1703,36660,75,1
642,2939,1786,34590,16,1
643,1968,1402,16980,34,1
644,1281,660,18630,49,1
645,5293,3027,67980,73,1
646,7980,4319,109830,65,1
647,2229,1728,15030,34,1
648,3740,2587,34590,57,1
649,1125,990,4050,64,0
650,4868,4124,22320,109,1
651,7638,5412,66780,37,1
652,6413,3564,85470,59,1
653,5403,4224,35370,22,1
654,3033,1745,38640,22,1
655,7812,5292,75600,19,1
656,2518,1437,32430,48,1
657,7454,6644,24300,57,1
658,7089,3594,104850,96,1
659,4719,3991,21840,90,1
660,1986,1732,7620,60,0
661,7083,5458,48750,33,1
662,6406,4891,45450,67,1
663,2327,1769,16740,104,1
664,4291,2418,56190,78,1
665,1574,1402,5160,55,0
666,6208,5266,28260,87,1
667,4828,3509,39570,119,1
668,2347,1784,16890,116,1
669,5589,4863,21780,33,1
670,4553,3664,26670,119,1
671,1850,1567,8490,15,1
672,2367,1464,27090,85,1
673,2624,1656,29040,79,1
674,4147,3085,31860,29,1
675,1916,1249,20010,107,1
676,6592,4868,51720,110,1
677,4568,3096,44160,116,1
678,7105,5220,56550,86,1
679,3889,3125,22920,23,1
680,2026,1452,17220,86,1
681,3863,3240,18690,42,1
682,7772,6415,40710,39,1
683,1011,565,13380,62,1
684,4364,2611,52590,114,1
685,3830,2519,39330,101,1
686,6445,5147,38940,57,1
687,2004,1661,10290,94,1
688,2838,1499,40170,29,1
689,7936,6046,56700,65,1
690,4854,2809,61350,27,1
691,5565,3215,70500,92,1
692,7012,5237,53250,66,1
693,3541,2205,40080,42,1
694,7434,5444,59700,50,1
695,7813,6144,50070,63,1
696,3636,2419,36510,103,1
697,5445,3117,69840,109,1
698,4179,2392,53610,27,1
699,7302,5721,47430,70,1
700,1444,870,17220,50,1
701,6203,4301,57060,21,1
702,2845,2048,23910,59,1
703,6481,3531,88500,27,1
704,2300,1963,10110,23,1
705,4097,2395,51060,24,1
706,6079,4038,61230,56,1
707,3631,2933,20940,63,1
708,4225,2544,50430,82,1
709,5145,4078,32010,114,1
710,4273,3520,22590,33,1
711,4040,2705,40050,83,1
712,7830,4651,95370,112,1
713,5768,3384,71520,95,1
714,1661,846,24450,29,1
715,3466,2574,26760,46,1
716,2546,1509,31110,92,1
717,2100,1549,16530,39,1
718,1769,1078,20730,21,1
719,4729,3129,48000,53,1
720,5008,3891,33510,117,1
721,4351,2398,58590,33,1
722,6699,5290,42270,56,1
723,7431,4530,87030,50,1
724,5839,4426,42390,50,1
725,7018,4635,71490,111,1
726,2914,1857,31710,117,1
727,1707,1155,16560,74,1
728,4713,3618,32850,58,1
729,4610,3485,33750,22,1
730,2735,2079,19680,58,1
731,3428,2340,32640,100,1
732,6249,5609,19200,16,1
733,3661,2647,30420,112,1
734,2494,1711,23490,22,1
735,1661,1204,13710,50,1
736,7596,4330,97980,45,1
737,4374,2538,55080,94,1
738,3665,1974,50730,69,1
739,3959,1981,59340,30,1
740,2931,2615,9480,17,1
741,2679,1749,27900,37,1
742,5443,4842,18030,19,1
743,7099,6181,27540,79,1
744,1285,910,11250,84,1
745,7549,4043,105180,117,1
746,5895,3248,79410,30,1
747,3507,2850,19710,112,1
748,3556,1829,51810,111,1
749,6782,4104,80340,80,1
750,3408,1823,47550,105,1
751,7904,5702,66060,89,1
752,5930,3906,60720,37,1
753,2689,1990,20970,69,1
754,1261,1094,5010,57,0
755,3190,2860,9900,115,1
756,1243,725,15540,63,1
757,5137,3677,43800,59,1
758,2826,2175,19530,44,1
759,1133,630,15090,21,1
760,6043,5000,31290,29,1
761,6524,3321,96090,105,1
762,5225,3079,64380,92,1
763,6907,5036,56130,24,1
764,6656,4859,53910,68,1
765,6408,5569,25170,28,1
766,7976,5922,61620,68,1
767,1237,705,15960,17,1
768,3530,2327,36090,39,1
769,6772,4381,71730,22,1
770,3964,2022,58260,39,1
771,6699,3563,94080,26,1
772,5223,3515,51240,27,1
773,1542,1083,13770,32,1
774,4036,2188,55440,20,1
775,3719,2180,46170,16,1
776,6179,3991,65640,45,1
777,6636,5390,37380,24,1
778,7488,3918,107100,25,1
779,1689,883,24180,70,1
780,6582,5880,21060,97,1
781,4976,2771,66150,87,1
782,2179,1353,24780,21,1
783,1399,734,19950,18,1
784,6891,6192,20970,31,1
785,3148,2348,24000,66,1
786,4292,3217,32250,52,1
787,4302,3397,27150,115,1
788,6693,5097,47880,113,1
789,7662,5441,66630,100,1
790,2549,1454,32850,100,1
791,4716,2378,70140,16,1
792,6693,4635,61740,116,1
793,3708,2981,21810,72,1
794,7007,5003,60120,79,1
795,4084,2061,60690,99,1
796,3385,1779,48180,46,1
797,1163,754,12270,74,1
798,3442,2346,32880,66,1
799,6887,3713,95220,40,1
800,3557,1991,46980,66,1
801,5719,4546,35190,118,1
802,6864,5118,52380,43,1
803,4493,2951,46260,56,1
804,3444,1905,46170,78,1
805,1016,775,7230,55,0
806,7272,5988,38520,62,1
807,7172,4387,83550,72,1
808,5095,4385,21300,35,1
809,1714,1196,15540,22,1
810,5026,3417,48270,63,1
811,1078,922,4680,101,0
812,1855,1582,8190,83,1
813,6535,5850,20550,101,1
814,3148,1634,45420,86,1
815,4576,3653,27690,15,1
816,4506,2381,63750,38,1
817,4088,3608,14400,35,1
818,5327,3416,57330,114,1
819,2674,2375,8970,97,1
820,6510,5296,36420,65,1
821,4562,3033,45870,19,1
822,7493,6235,37740,22,1
823,6439,4312,63810,110,1
824,7511,6663,25440,109,1
825,4719,3811,27240,39,1
826,3376,2203,35190,64,1
827,1962,1076,26580,82,1
828,2613,1378,37050,103,1
829,1377,951,12780,24,1
830,3196,1758,43140,105,1
831,6607,3604,90090,27,1
832,2716,2357,10770,30,1
833,2311,1725,17580,112,1
834,1522,787,22050,31,1
835,1935,1430,15150,87,1
836,6784,4412,71160,92,1
837,7267,4763,75120,36,1
838,5083,3030,61590,99,1
839,4243,2456,53610,60,1
840,3160,2396,22920,113,1
841,7265,6003,37860,53,1
842,3544,2138,42180,61,1
843,3196,2563,18990,35,1
844,7023,5613,42300,21,1
845,5758,4390,41040,89,1
846,5351,3842,45270,103,1
847,3581,2563,30540,27,1
848,4537,2464,62190,99,1
849,5558,2983,77250,64,1
850,4678,3252,42780,37,1
851,5183,3301,56460,36,1
852,4754,3818,28080,111,1
853,3743,2787,28680,33,1
854,1022,792,6900,53,0
855,7251,5470,53430,115,1
856,6230,3515,81450,72,1
857,4727,3898,24870,19,1
858,1514,1357,4710,118,0
859,6602,4361,67230,112,1
860,4562,2848,51420,35,1
861,4967,4102,25950,105,1
862,1922,1489,12990,27,1
863,6512,4699,54390,100,1
864,3281,2639,19260,68,1
865,4083,3259,24720,28,1
866,6752,5963,23670,34,1
867,3634,2916,21540,109,1
868,6110,4204,57180,97,1
869,2124,1167,28710,18,1
870,2043,1659,11520,113,1
871,2828,2164,19920,68,1
872,3023,1727,38880,88,1
873,3085,1748,40110,74,1
874,2080,1362,21540,31,1
875,4190,3560,18900,107,1
876,5621,4437,35520,115,1
877,5431,3205,66780,18,1
878,4959,3676,38490,48,1
879,1593,1180,12390,74,1
880,5155,3241,57420,77,1
881,6997,3915,92460,38,1
882,2132,1702,12900,72,1
883,6093,3557,76080,114,1
884,3066,2072,29820,114,1
885,6469,4083,71580,69,1
886,3528,1889,49170,106,1
887,3810,3073,22110,71,1
888,2019,1251,23040,47,1
889,3448,2603,25350,34,1
890,6871,3925,88380,29,1
891,2733,2449,8520,89,1
892,7280,6407,26190,83,1
893,6624,4810,54420,24,1
894,3097,1753,40320,108,1
895,7397,5433,58920,84,1
896,4920,4289,18930,65,1
897,7900,4127,113190,49,1
898,6017,5108,27270,107,1
899,7052,4882,65100,35,1
900,1703,1180,15690,84,1
901,2625,1397,36840,117,1
902,6105,5273,24960,38,1
903,4384,2204,65400,55,1
904,6301,3718,77490,74,1
905,2619,1997,18660,50,1
906,7868,4151,111510,44,1
907,2365,1430,28050,49,1
908,2974,2565,12270,24,1
909,4471,3593,26340,103,1
910,1204,731,14190,87,1
911,6932,5831,33030,98,1
912,3297,2389,27240,35,1
913,7339,4594,82350,105,1
914,4141,3560,17430,96,1
915,1671,1279,11760,34,1
916,6591,4772,54570,85,1
917,2449,2035,12420,28,1
918,6432,4488,58320,35,1
919,6201,3460,82230,101,1
920,2753,1587,34980,63,1
921,2938,1831,33210,99,1
922,5479,4859,18600,75,1
923,1424,724,21000,82,1
924,1894,1137,22710,85,1
925,1597,1157,13200,95,1
926,2687,1466,36630,112,1
927,7171,5658,45390,55,1
928,7566,5925,49230,31,1
929,2633,1402,36930,84,1
930,3657,2537,33600,99,1
931,4588,4029,16770,71,1
932,4137,2229,57240,30,1
933,6999,4787,66360,53,1
934,4157,2561,47880,54,1
935,6413,5275,34140,24,1
936,1610,838,23160,77,1
937,3608,2094,45420,21,1
938,3324,1880,43320,82,1
939,6997,5609,41640,29,1
940,7519,4139,101400,93,1
941,2749,1552,35910,28,1
942,4048,2931,33510,42,1
943,5976,3052,87720,39,1
944,6879,4716,64890,86,1
945,2067,1478,17670,113,1
946,5869,3807,61860,37,1
947,7744,5102,79260,57,1
948,7852,6955,26910,26,1
949,4657,2503,64620,106,1
950,6416,4690,51780,99,1
951,7710,5837,56190,29,1
952,7063,6065,29940,96,1
953,7697,5226,74130,84,1
954,4339,2457,56460,94,1
955,7530,4858,80160,41,1
956,6745,3828,87510,116,1
957,3976,2939,31110,22,1
958,1612,1278,10020,62,1
959,4690,2932,52740,108,1
960,4013,3559,13620,33,1
961,3591,1964,48810,25,1
962,7957,4995,88860,15,1
963,1574,1092,14460,35,1
964,1669,1258,12330,18,1
965,1923,1639,8520,109,1
966,2594,1465,33870,41,1
967,2560,1375,35550,82,1
968,4864,4033,24930,40,1
969,4069,3225,25320,75,1
970,4547,3834,21390,116,1
971,6553,3566,89610,74,1
972,6514,5605,27270,87,1
973,3772,2269,45090,100,1
974,2154,1835,9570,44,1
975,1985,1186,23970,42,1
976,4831,2583,67440,47,1
977,1980,1322,19740,48,1
978,5136,4087,31470,96,1
979,6433,4795,49140,37,1
980,4247,3104,34290,31,1
981,7980,6563,42510,108,1
982,1930,989,28230,30,1
983,7049,4441,78240,54,1
984,3295,1739,46680,53,1
985,3501,2948,16590,15,1
986,6063,3207,85680,77,1
987,2602,2023,17370,39,1
988,6934,4313,78630,77,1
989,5628,2888,82200,67,1
990,4373,3514,25770,114,1
991,1459,865,17820,23,1
992,4938,2585,70590,93,1
993,3257,2476,23430,20,1
994,7362,5331,60930,105,1
995,2377,1613,22920,52,1
996,1141,965,5280,86,0
997,7845,5116,81870,44,1
998,7142,3887,97650,98,1
999,2904,1500,42120,102,1
1000,5365,4652,21390,101,1
